Company,Website,Location,Contact,Rating,Review_count,Hourly_rate
"
                            MentorMate
                        ",https://mentormate.com/web-development-company/?utm_source=clutch.co&utm_medium=platinum-sponsor&utm_campaign=clutch_web_development&utm_content=web-category,"Minneapolis, MN",https://clutch.co/profile/mentormate/contact?next=https%3A%2F%2Fclutch.co%2Fweb-developers,"
                                4.7
                            ","
                                
                                    38 reviews
                                
                            ","



$50 - $99 / hr
"
"
                            Algoworks
                        ",https://algoworks.com/?utm_source=clutch.co&utm_medium=referral&utm_campaign=web-developers,"Sunnyvale, CA",https://clutch.co/profile/algoworks/contact?next=https%3A%2F%2Fclutch.co%2Fweb-developers,"
                                4.9
                            ","
                                
                                    76 reviews
                                
                            ","



$25 - $49 / hr
"
"
                            Capital Numbers
                        ",https://www.capitalnumbers.com/web-application-development.php?utm_source=clutch.co&utm_medium=referral&utm_campaign=web-developers,"Kolkata, India",https://clutch.co/profile/capital-numbers/contact?next=https%3A%2F%2Fclutch.co%2Fweb-developers,"
                                4.8
                            ","
                                
                                    158 reviews
                                
                            ","



< $25 / hr
"
"
                            Boldare
                        ",https://go.boldare.com/your-development-partner/?utm_source=clutch.co&utm_medium=referral&utm_campaign=web-developers,"Gliwice, Poland",https://clutch.co/profile/boldare/contact?next=https%3A%2F%2Fclutch.co%2Fweb-developers,"
                                4.7
                            ","
                                
                                    49 reviews
                                
                            ","



$50 - $99 / hr
"
"
                            The Software House
                        ",https://tsh.io/?utm_source=clutch&utm_medium=referral&utm_campaign=web_development&utm_content=web-developers,"Gliwice, Poland",https://clutch.co/profile/software-house/contact?next=https%3A%2F%2Fclutch.co%2Fweb-developers,"
                                4.8
                            ","
                                
                                    58 reviews
                                
                            ","



$50 - $99 / hr
"
"
                            Experion Technologies
                        ",https://experionglobal.com/?utm_source=clutch.co&utm_medium=referral&utm_campaign=web-developers,"Plano, TX",https://clutch.co/profile/experion-technologies/contact?next=https%3A%2F%2Fclutch.co%2Fweb-developers,"
                                4.9
                            ","
                                
                                    51 reviews
                                
                            ","



$25 - $49 / hr
"
"
                            BairesDev
                        ",https://bairesdev.com/landing/c/web-development/?utm_source=clutch&utm_medium=referral&utm_campaign=web-developers,"San Francisco, CA",https://clutch.co/profile/bairesdev/contact?next=https%3A%2F%2Fclutch.co%2Fweb-developers,"
                                4.9
                            ","
                                
                                    45 reviews
                                
                            ","



$50 - $99 / hr
"
"
                            Monterail
                        ",https://www.monterail.com/services/web-application-development?utm_source=clutch.co&utm_medium=referral&utm_campaign=web-developers,"Wrocław, Poland",https://clutch.co/profile/monterail/contact?next=https%3A%2F%2Fclutch.co%2Fweb-developers,"
                                4.8
                            ","
                                
                                    44 reviews
                                
                            ","



$50 - $99 / hr
"
"
                            S-PRO
                        ",https://s-pro.io/?utm_source=clutch.co&utm_medium=referral&utm_campaign=web-dev,"Warszawa, Poland",https://clutch.co/profile/s-pro/contact?next=https%3A%2F%2Fclutch.co%2Fweb-developers,"
                                4.9
                            ","
                                
                                    43 reviews
                                
                            ","



$50 - $99 / hr
"
"
                            Xmartlabs
                        ",https://xmartlabs.com/?utm_source=clutch.co&utm_medium=referral&utm_campaign=web-developers,"Montevideo, Uruguay",https://clutch.co/profile/xmartlabs/contact?next=https%3A%2F%2Fclutch.co%2Fweb-developers,"
                                5.0
                            ","
                                
                                    25 reviews
                                
                            ","



$50 - $99 / hr
"
"
                            Sidebench
                        ",https://sidebench.com/?utm_source=clutch.co&utm_medium=referral&utm_campaign=web-developers,"Santa Monica, CA",https://clutch.co/profile/sidebench/contact?next=https%3A%2F%2Fclutch.co%2Fweb-developers,"
                                4.9
                            ","
                                
                                    44 reviews
                                
                            ","



$100 - $149 / hr
"
"
                            Infinum
                        ",https://infinum.com/clutch-lp/?utm_source=clutch.co&utm_medium=referral&utm_campaign=web-developers,"New York City, NY",https://clutch.co/profile/infinum/contact?next=https%3A%2F%2Fclutch.co%2Fweb-developers,"
                                4.8
                            ","
                                
                                    40 reviews
                                
                            ","



$50 - $99 / hr
"
"
                            Xfive
                        ",https://www.xfive.co/service/trusted-development-design-partner/?utm_source=clutch.co&utm_medium=referral&utm_campaign=web-developers,"Kraków, Poland",https://clutch.co/profile/xfive/contact?next=https%3A%2F%2Fclutch.co%2Fweb-developers,"
                                4.9
                            ","
                                
                                    39 reviews
                                
                            ","



$50 - $99 / hr
"
"
                            10Clouds
                        ",https://10clouds.com/services/web/?utm_source=clutch.co&utm_medium=referral&utm_campaign=web-developers,"Warszawa, Poland",https://clutch.co/profile/10clouds/contact?next=https%3A%2F%2Fclutch.co%2Fweb-developers,"
                                4.9
                            ","
                                
                                    70 reviews
                                
                            ","



$50 - $99 / hr
"
"
                            Cheesecake Labs
                        ",https://cheesecakelabs.com/?utm_source=clutch.co&utm_medium=referral&utm_campaign=web-developers,"San Francisco, CA",https://clutch.co/profile/cheesecake-labs/contact?next=https%3A%2F%2Fclutch.co%2Fweb-developers,"
                                4.9
                            ","
                                
                                    43 reviews
                                
                            ","



$50 - $99 / hr
"
"
                            Scopic
                        ",https://scopicsoftware.com/?utm_source=clutch&utm_medium=referral&utm_campaign=web-developers,"Rutland, MA",https://clutch.co/profile/scopic-0/contact?next=https%3A%2F%2Fclutch.co%2Fweb-developers,"
                                4.9
                            ","
                                
                                    51 reviews
                                
                            ","



$25 - $49 / hr
"
"
                            One Beyond
                        ",https://one-beyond.com/?utm_source=clutch.co&utm_medium=referral&utm_campaign=web-developers,"London, United Kingdom",https://clutch.co/profile/one-beyond/contact?next=https%3A%2F%2Fclutch.co%2Fweb-developers,"
                                4.8
                            ","
                                
                                    55 reviews
                                
                            ","



$50 - $99 / hr
"
"
                            Shakuro
                        ",https://shakuro.com/?utm_source=clutch.co&utm_medium=referral&utm_campaign=web-developers,"Lewes, DE",https://clutch.co/profile/shakuro/contact?next=https%3A%2F%2Fclutch.co%2Fweb-developers,"
                                4.9
                            ","
                                
                                    46 reviews
                                
                            ","



$25 - $49 / hr
"
"
                            Adchitects
                        ",http://adchitects.co/websites?utm_source=clutch.co&utm_medium=referral&utm_campaign=web-developers,"Poznań, Poland",https://clutch.co/profile/adchitects/contact?next=https%3A%2F%2Fclutch.co%2Fweb-developers,"
                                4.9
                            ","
                                
                                    39 reviews
                                
                            ","



$50 - $99 / hr
"
"
                            Moove It
                        ",https://moove-it.com/?utm_source=clutch.co&utm_medium=referral&utm_campaign=web-developers,"Austin, TX",https://clutch.co/profile/moove-it/contact?next=https%3A%2F%2Fclutch.co%2Fweb-developers,"
                                4.8
                            ","
                                
                                    23 reviews
                                
                            ","



$50 - $99 / hr
"
"
                            Halo Lab
                        ",https://www.halo-lab.com/,"Odesa, Ukraine",https://clutch.co/profile/halo-lab/contact?next=https%3A%2F%2Fclutch.co%2Fweb-developers,"
                                4.9
                            ","
                                
                                    50 reviews
                                
                            ","



$25 - $49 / hr
"
"
                            Gorilla Logic
                        ",https://gorillalogic.com/?utm_source=clutch.co&utm_medium=referral&utm_campaign=web-developers,"Broomfield, CO",https://clutch.co/profile/gorilla-logic/contact?next=https%3A%2F%2Fclutch.co%2Fweb-developers,"
                                4.9
                            ","
                                
                                    17 reviews
                                
                            ","



$50 - $99 / hr
"
"
                            Steelkiwi
                        ",https://steelkiwi.com/?utm_source=clutch.co&utm_medium=referral&utm_campaign=web-developers,"Belmont, CA",https://clutch.co/profile/steelkiwi/contact?next=https%3A%2F%2Fclutch.co%2Fweb-developers,"
                                4.8
                            ","
                                
                                    58 reviews
                                
                            ","



$25 - $49 / hr
"
"
                            Closeloop Technologies
                        ",https://closeloop.com/?utm_source=clutch.co&utm_medium=referral&utm_campaign=web-developers,"Mountain View, CA",https://clutch.co/profile/closeloop-technologies/contact?next=https%3A%2F%2Fclutch.co%2Fweb-developers,"
                                5.0
                            ","
                                
                                    24 reviews
                                
                            ","



$25 - $49 / hr
"
"
                            TechWings
                        ",https://techwings.com/?utm_source=clutch.co&utm_medium=referral&utm_campaign=web-developers,"Kraków, Poland",https://clutch.co/profile/techwings/contact?next=https%3A%2F%2Fclutch.co%2Fweb-developers,"
                                4.8
                            ","
                                
                                    41 reviews
                                
                            ","



$50 - $99 / hr
"
"
                            JetRuby Agency
                        ",https://jetruby.com/?utm_source=clutch&utm_medium=referral&utm_campaign=web-developers&utm_content=review_platforms,"Toronto, Canada",https://clutch.co/profile/jetruby-agency/contact?next=https%3A%2F%2Fclutch.co%2Fweb-developers,"
                                4.9
                            ","
                                
                                    21 reviews
                                
                            ","



$25 - $49 / hr
"
"
                            Radiansys Inc
                        ",http://www.radiansys.com/?utm_source=clutch.co&utm_medium=referral&utm_campaign=web-developers,"Gurugram, India",https://clutch.co/profile/radiansys/contact?next=https%3A%2F%2Fclutch.co%2Fweb-developers,"
                                5.0
                            ","
                                
                                    13 reviews
                                
                            ","



< $25 / hr
"
"
                            Polcode
                        ",https://polcode.com/?utm_source=clutch.co&utm_medium=referral&utm_campaign=web-developers,"Warszawa, Poland",https://clutch.co/profile/polcode/contact?next=https%3A%2F%2Fclutch.co%2Fweb-developers,"
                                4.9
                            ","
                                
                                    23 reviews
                                
                            ","



$50 - $99 / hr
"
"
                            Develtio
                        ",http://www.develtio.com/?utm_source=clutch.co&utm_medium=web-developers,"Warszawa, Poland",https://clutch.co/profile/develtio/contact?next=https%3A%2F%2Fclutch.co%2Fweb-developers,"
                                5.0
                            ","
                                
                                    39 reviews
                                
                            ","



$25 - $49 / hr
"
"
                            Fulcrum
                        ",https://fulcrum.rocks/?utm_source=clutch.co&utm_medium=referral&utm_campaign=web-developers,"Warszawa, Poland",https://clutch.co/profile/fulcrum/contact?next=https%3A%2F%2Fclutch.co%2Fweb-developers,"
                                4.9
                            ","
                                
                                    25 reviews
                                
                            ","



$25 - $49 / hr
"
"
                            Azumo
                        ",https://azumo.com/growth/software-development-leader?utm_source=clutch.co&utm_medium=referral&utm_campaign=web-developers,"San Francisco, CA",https://clutch.co/profile/azumo/contact?next=https%3A%2F%2Fclutch.co%2Fweb-developers,"
                                4.8
                            ","
                                
                                    10 reviews
                                
                            ","



$25 - $49 / hr
"
"
                            eTeam
                        ",https://eteam.io/?utm_source=clutch.co&utm_medium=referral&utm_campaign=web-developers,"San Francisco, CA",https://clutch.co/profile/eteam/contact?next=https%3A%2F%2Fclutch.co%2Fweb-developers,"
                                4.9
                            ","
                                
                                    25 reviews
                                
                            ","



$25 - $49 / hr
"
"
                            Urban Insight
                        ",https://www.urbaninsight.com/?utm_source=clutch.co&utm_medium=referral&utm_campaign=web-developers-global,"Los Angeles, CA",https://clutch.co/profile/urban-insight/contact?next=https%3A%2F%2Fclutch.co%2Fweb-developers,"
                                5.0
                            ","
                                
                                    28 reviews
                                
                            ","



$150 - $199 / hr
"
"
                            Wolfpack Digital
                        ",https://wolfpack-digital.com/?utm_source=clutch&utm_campaign=web-developers,"Cluj-Napoca, Romania",https://clutch.co/profile/wolfpack-digital/contact?next=https%3A%2F%2Fclutch.co%2Fweb-developers,"
                                5.0
                            ","
                                
                                    42 reviews
                                
                            ","



$50 - $99 / hr
"
"
                            ChopDawg.com
                        ",https://www.chopdawg.com/?utm_source=clutch.co&utm_medium=referral&utm_campaign=directory,"Philadelphia, PA",https://clutch.co/profile/chopdawgcom/contact?next=https%3A%2F%2Fclutch.co%2Fweb-developers,"
                                4.9
                            ","
                                
                                    68 reviews
                                
                            ","



$25 - $49 / hr
"
"
                            WeSoftYou
                        ",https://wesoftyou.com/clutch/?utm_source=clutch.co&utm_medium=referral&utm_campaign=web-developers,"Kyiv, Ukraine",https://clutch.co/profile/wesoftyou/contact?next=https%3A%2F%2Fclutch.co%2Fweb-developers,"
                                5.0
                            ","
                                
                                    18 reviews
                                
                            ","



$25 - $49 / hr
"
"
                            Halcyon Mobile
                        ",https://halcyonmobile.com/?utm_source=clutch.co&utm_medium=referral&utm_campaign=directory,"New York, NY",https://clutch.co/profile/halcyon-mobile/contact?next=https%3A%2F%2Fclutch.co%2Fweb-developers,"
                                4.9
                            ","
                                
                                    24 reviews
                                
                            ","



$50 - $99 / hr
"
"
                            KrishaWeb
                        ",https://krishaweb.com/?utm_source=krishaweb.com/&utm_medium=referral&utm_campaign=web-developers,"Loveland, CO",https://clutch.co/profile/krishaweb/contact?next=https%3A%2F%2Fclutch.co%2Fweb-developers,"
                                5.0
                            ","
                                
                                    36 reviews
                                
                            ","



$50 - $99 / hr
"
"
                            Fooz
                        ",http://foozagency.com?utm_source=clutch.co&utm_medium=referral&utm_campaign=web-developers,"Katowice, Poland",https://clutch.co/profile/fooz/contact?next=https%3A%2F%2Fclutch.co%2Fweb-developers,"
                                4.8
                            ","
                                
                                    29 reviews
                                
                            ","



$25 - $49 / hr
"
"
                            Brocoders
                        ",https://brocoders.com/?utm_source=clutch.co&utm_medium=referral&utm_campaign=web-developers,"Tallinn, Estonia",https://clutch.co/profile/brocoders/contact?next=https%3A%2F%2Fclutch.co%2Fweb-developers,"
                                5.0
                            ","
                                
                                    28 reviews
                                
                            ","



$25 - $49 / hr
"
